"2nd International Conference on Cyber-Physical Systems and Control, CPS and C 2021",2023,,,,,,,,,,,,,,,,,
"6th International Workshop on Cyber-Security and Functional Safety in Cyber-Physical Systems, IWCFS 2022, 4th International Workshop on Machine Learning and Knowledge Graphs, MLKgraphs 2022, 2nd International Workshop on Time Ordered Data, ProTime2022, 2nd International Workshop on AI System Engineering: Math, Modelling and Software, AISys2022, 1st International Workshop on Distributed Ledgers and Related Technologies, DLRT2022 and 1st International Workshop on Applied Research, Technology Transfer and Knowledge Exchange in Software and Data Science, ARTE2022 held at 33rd International Conference on Database and Expert Systems Applications, DEXA 2022",2022,,,,,,,,,,,,,,,,,
A Bibliometric Analysis on the Application of Deep Learning in Cybersecurity,2020,,,,,,,,,,,,,,,,,
A big data inspired chaotic solution for fuzzy feedback linearization model in cyber-physical systems,2015,,Number of duplicates,#NAME?,,,,,,,,,,,,,,
A BP Neural Network-Based Communication Blind Signal Detection Method with Cyber-Physical-Social Systems,2018,,,,,,,,,,,,,,,,,
A Cloud-Assisted Medical Cyber-Physical System Using a Privacy-Preserving Key Agreement Framework and a Chebyshev Chaotic Map,2023,,,,,,,,,,,,,,,,,
A Collaborative Characteristic Event Sequence Based Identification Method for Cyberattacks in Cyber-Physical System,2019,,,,,,,,,,,,,,,,,
A Comparison Between Different Machine Learning Models for IoT Malware Detection,2020,,,,,,,,,,,,,,,,,
A comprehensive co-simulation platform for cyber-physical systems,2012,,,,,,,,,,,,,,,,,
A cyber-physical system approach for photovoltaic array monitoring and control,2017,,,,,,,,,,,,,,,,,
A Cyber-Physical System Approach for Predictive Maintenance,2020,,,,,,,,,,,,,,,,,
A Data Mining-based Intrusion Detection System for Cyber Physical Power Systems,2022,,,,,,,,,,,,,,,,,
A Data-Driven Cyberâ€“Physical System Using Deep-Learning Convolutional Neural Networks: Study on False-Data Injection Attacks in an Unmanned Ground Vehicle Under Fault-Tolerant Conditions,2023,,,,,,,,,,,,,,,,,
A Discrete-Time Sliding Window Observer for Markovian Switching System: An LMI Approach,2008,,,,,,,,,,,,,,,,,
A formal framework for distributed cyber-physical systems,2022,,,,,,,,,,,,,,,,,
A Hybrid Approach Based on Hotelling Statistics for Automated Visual Inspection of Display Blemishes in LCD Panels,2009,,,,,,,,,,,,,,,,,
A hybrid-logic approach towards fault detection in complex cyber-physical systems,2010,,,,,,,,,,,,,,,,,
A machine learning approach for fault detection in vehicular cyber-physical systems,2017,,,,,,,,,,,,,,,,,
A Measurement Set-Up Method to Evaluate Motor Winding Quality and Winding Insulation by Exploring Discharge Characteristics,2018,,,,,,,,,,,,,,,,,
A Method of Threat Analysis for Cyber-Physical System using Vulnerability Databases,2018,,,,,,,,,,,,,,,,,
A methodology for the design and deployment of distributed cyber–physical systems for smart environments,2020,,,,,,,,,,,,,,,,,
A multidisciplinary detection system for cyber attacks on Powertrain Cyber Physical Systems,2023,,,,,,,,,,,,,,,,,
A Multi-Stage Machine Learning Model for Security Analysis in Industrial Control System,2021,,,,,,,,,,,,,,,,,
A N2CNN-Based Anomaly Detection Method for Cardiovascular Data in Cyber-Physical System,2022,,,,,,,,,,,,,,,,,
A New Distributed Intrusion Detection Method Based on Immune Mobile Agent,2010,,,,,,,,,,,,,,,,,
A New Distributed Intrusion Detection Method Based on Immune Mobile Agent,2010,,,,,,,,,,,,,,,,,
A New Dynamic Observer Approach to Fault Detection for LTI System,2016,,,,,,,,,,,,,,,,,
A novel approach of multisensory fusion to collaborative fault diagnosis in maintenance,2021,,,,,,,,,,,,,,,,,
A Novel Double Fault Diagnosis and Detection Technique in Digital Microfluidic Biochips,2022,,,,,,,,,,,,,,,,,
A Novel Fault Detection Method Based on the UKF and Its Application to a Fifth-Order Two-Phase Nonlinear Motor System,2015,,,,,,,,,,,,,,,,,
A novel RSG-based intelligent bearing fault diagnosis method for motors in high-noise industrial environment,2022,,,,,,,,,,,,,,,,,
A Novel SSD Fault Detection Method Using GRU-Based Sparse Auto-Encoder for Dimensionality Reduction,2022,,,,,,,,,,,,,,,,,
A Pattern Mining-Based False Data Injection Attack Detector for Industrial Cyber-Physical Systems,2023,,,,,,,,,,,,,,,,,
A plate-tectonics based neighborhood search optimizer and its application for fault monitoring in IoT systems,2021,,,,,,,,,,,,,,,,,
A Review of Anomaly Detection Strategies to Detect Threats to Cyber-Physical Systems,2023,,,,,,,,,,,,,,,,,
A Review of the Detection of Pulmonary Embolism from Computed Tomography Images Using Deep Learning Methods,2023,,,,,,,,,,,,,,,,,
A Satellite Network Fault Detection Method,2010,,,,,,,,,,,,,,,,,
A search-based framework for automatic generation of testing environments for cyber–physical systems,2022,,,,,,,,,,,,,,,,,
A Sensitivity Study of PMU-Based Fault Detection on Smart Grid,2015,,,,,,,,,,,,,,,,,
A Software-Based Error Detection Technique Using Encoded Signatures,2006,,,,,,,,,,,,,,,,,
A Statistical Approach of Analog Circuit Fault Detection Utilizing Kolmogorov–Smirnov Test Method,2021,,,,,,,,,,,,,,,,,
A Survey of Specification-Based Intrusion Detection Techniques for Cyber-Physical Systems,2021,,,,,,,,,,,,,,,,,
A Survey on Deep Learning Enabled Intrusion Detection System for Internet of Things,2023,,,,,,,,,,,,,,,,,
A Survey on Network Security for Cyber-Physical Systems: From Threats to Resilient Design,2022,,,,,,,,,,,,,,,,,
"A systematic review of digital twin about physical entities, virtual models, twin data, and applications",2023,,,,,,,,,,,,,,,,,
"A systematic review to merge discourses: Interoperability, integration and cyber-physical systems",2018,,,,,,,,,,,,,,,,,
Acoustic Detection of Partial Discharges in Insulation Oil,2011,,,,,,,,,,,,,,,,,
Actuator Fault Detection for Unmanned Ground Vehicles Using Unknown Input Observers,2021,,,,,,,,,,,,,,,,,
ADAM: An Adaptive DDoS Attack Mitigation Scheme in Software-Defined Cyber-Physical System,2023,,,,,,,,,,,,,,,,,
ADAM: An Adaptive DDoS Attack Mitigation Scheme in Software-Defined Cyber-Physical System,2023,,,,,,,,,,,,,,,,,
Adaptive distributed monitors of spatial properties for cyber–physical systems,2021,,,,,,,,,,,,,,,,,
Adaptive Kernel Density-Based Anomaly Detection for Nonlinear Systems,2018,,,,,,,,,,,,,,,,,
Adaptive neural output feedback fault tolerant control for a class of uncertain nonlinear systems with intermittent actuator faults,2020,,,,,,,,,,,,,,,,,
Adaptive resource management using many-core processing for fault tolerance based on cyber–physical cloud systems,2020,,,,,,,,,,,,,,,,,
Adaptive Task-Based Intermittent Computing System With Parallel State Backup,2022,,,,,,,,,,,,,,,,,
Adaptive threshold generation for fault detection with high dependability for cyber-physical systems,2018,,,,,,,,,,,,,,,,,
Advanced bad data injection attack and its migration in cyber-physical systems,2019,,,,,,,,,,,,,,,,,
Advances in Cognitive Science and Communications,2023,,,,,,,,,,,,,,,,,
Adversarial Reconstruction Based on Tighter Oriented Localization for Catenary Insulator Defect Detection in High-Speed Railways,2022,,,,,,,,,,,,,,,,,
Agricultural cyber physical system collaboration for greenhouse stress management,2018,,,,,,,,,,,,,,,,,
AI and Security of Cyber Physical Systems: Opportunities and Challenges,2020,,,,,,,,,,,,,,,,,
"AIDOaRt: AI-augmented Automation for DevOps, a model-based framework for continuous development in Cyber–Physical Systems",2022,,,,,,,,,,,,,,,,,
AI-Enabled Threat Detection and Security Analysis for Industrial IoT,2021,,,,,,,,,,,,,,,,,
AI-JasCon: An Artificial Intelligent Containerization System for Bayesian Fraud Determination in Complex Networks,2022,,,,,,,,,,,,,,,,,
Ambient Intelligence in Health Care,2023,,,,,,,,,,,,,,,,,
An active scheduling policy for automotive cyber-physical systems,2019,,,,,,,,,,,,,,,,,
An Anomaly Detection Method of Time Series Data for Cyber-Physical Integrated Energy System Based on Time-Frequency Feature Prediction,2022,,,,,,,,,,,,,,,,,
An approach of decision support system for drift diagnosis in cyber-physical production systems,2022,,,,,,,,,,,,,,,,,
An approach to model dependability of cyber-physical systems,2016,,,,,,,,,,,,,,,,,
An Area Effective Parity-Based Fault Detection Technique for FPGAs,2011,,,,,,,,,,,,,,,,,
An Asynchronous SDM Network-on-Chip Tolerating Permanent Faults,2014,,,,,,,,,,,,,,,,,
An Emotion-Inspired Anomaly Detection Approach for Cyber-Physical Systems Resilience,2022,,,,,,,,,,,,,,,,,
An Empirical Study on Applying Anomaly Detection Technique to Detecting Software and Communication Failures in Mobile Data Communication Services,2011,,,,,,,,,,,,,,,,,
An energy-aware cyber physical system for energy Big data analysis and recessive production anomalies detection in discrete manufacturing workshops,2020,,,,,,,,,,,,,,,,,
An Enhanced Fault Detection Method for Railway Turnouts Incorporating Prior Faulty Information,2020,,,,,,,,,,,,,,,,,
An Enhanced Model for Fake News Detection in Social Media Using Hybrid Text Representation,2023,,,,,,,,,,,,,,,,,
An Event-Triggered Approach to Robust Fault Detection for Nonlinear Uncertain Markovian Jump Systems with Time-Varying Delays,2020,,,,,,,,,,,,,,,,,
An explainable artificial intelligence approach for unsupervised fault detection and diagnosis in rotating machinery,2022,,,,,,,,,,,,,,,,,
An Improved Conv-LSTM Method for Gear Fault Detection,2023,,,,,,,,,,,,,,,,,
An improved fault-tolerant routing algorithm for a Network-on-Chip derived with formal analysis,2016,,,,,,,,,,,,,,,,,
An Integrated Framework for Privacy-Preserving Based Anomaly Detection for Cyber-Physical Systems,2021,,,,,,,,,,,,,,,,,
An Intelligent Fault Diagnosis System for Newly Assembled Transmission,2014,,,,,,,,,,,,,,,,,
An interactive fault detection method for Cyber-Physical System based on System-Theoretic Process Analysis,2022,,,,,,,,,,,,,,,,,
An Interpretable Multivariate Time-series Anomaly Detection Method in Cyber-Physical Systems Based on Adaptive Mask,2023,,,,,,,,,,,,,,,,,
An Online Winding Fault Detection Technique for Fault-Tolerant PM Machines,2009,,,,,,,,,,,,,,,,,
Analog Circuit Fault Detection by Impulse Response-Based Signature Analysis,2020,,,,,,,,,,,,,,,,,
Analysis and Enhancements of HELLO Based Link Failure Detection in Wireless Mesh Networks,2017,,,,,,,,,,,,,,,,,
Anomaly Detection and Data Recovery on Mini Batch Distillation Column based Cyber Physical System,2019,,,,,,,,,,,,,,,,,
Anomaly Detection Based on Zone Partition for Security Protection of Industrial Cyber-Physical Systems,2018,,,,,,,,,,,,,,,,,
ANOMALY DETECTION FOR CYBER-PHYSICAL SYSTEMS USING TRANSFORMERS,2021,,,,,,,,,,,,,,,,,
Anomaly Detection in Cyber-Physical System using Logistic Regression Analysis,2019,,,,,,,,,,,,,,,,,
ANOMALY DETECTION IN CYBER-PHYSICAL SYSTEMS USING EXPLAINABLE ARTIFICIAL INTELLIGENCE AND MACHINE LEARNING,2023,,,,,,,,,,,,,,,,,
Anomaly detection in cyber-physical systems: A formal methods approach,2014,,,,,,,,,,,,,,,,,
Anomaly Detection in IoT Using Machine Learning,2022,,,,,,,,,,,,,,,,,
Anomaly Diagnosis in Cyber-Physical Systems,2022,,,,,,,,,,,,,,,,,
Anomaly proposal-based fire detection for cyber-physical systems,2019,,,,,,,,,,,,,,,,,
Anomaly-Aware Adaptation Approach for Self-Adaptive Cyber-Physical System of Systems Using Reinforcement Learning,2022,,,,,,,,,,,,,,,,,
Anomaly-Based Intrusion Detection System for Cyber-Physical System Security,2021,,,,,,,,,,,,,,,,,
"Application of Artificial Intelligence to Wind Power Generation: Modelling, Control and Fault Detection",2020,,,,,,,,,,,,,,,,,
Application of Congestion Notifications in a Cyber-Physical System,2017,,,,,,,,,,,,,,,,,
Application of Deep Learning on IoT-Enabled Smart Grid Monitoring,2021,,,,,,,,,,,,,,,,,
Application of Machine Learning in State Estimation of Smart Cyber-Physical Grid,2020,,,,,,,,,,,,,,,,,
Aquila Optimization with Machine Learning-Based Anomaly Detection Technique in Cyber-Physical Systems,2023,,,,,,,,,,,,,,,,,
Architecting resilient computing systems: A component-based approach for adaptive fault tolerance,2017,,,,,,,,,,,,,,,,,
Artificial Intelligence and Cyber Security in Industry 4.0,2023,,,,,,,,,,,,,,,,,
Artificial Intelligence for a Sustainable Industry 4.0,2021,,,,,,,,,,,,,,,,,
Artificial Intelligence for Cloud and Edge Computing,2022,,,,,,,,,,,,,,,,,
Artificial Intelligence for Threat Detection and Analysis in Industrial IoT: Applications and Challenges,2021,,,,,,,,,,,,,,,,,
Artificial Intelligence-Based Cyber Security Applications,2023,,,,,,,,,,,,,,,,,
Assessing COVID-19 and Other Pandemics and Epidemics using Computational Modelling and Data Analysis,2022,,,,,,,,,,,,,,,,,
Assurance and certification of cyber–physical systems: The AMASS open source ecosystem,2021,,,,,,,,,,,,,,,,,
Attack Detection for LPV Model Formulated Cyber-Physical System with Limited Communication,2022,,,,,,,,,,,,,,,,,
Attack Detection for LPV Model Formulated Cyber-Physical System with Limited Communication,2022,,,,,,,,,,,,,,,,,
Attack Detection for Medical Cyber-Physical Systems-A Systematic Literature Review,2023,,,,,,,,,,,,,,,,,
Attack Graph Model for Cyber-Physical Power Systems using Hybrid Deep Learning,2023,,,,,,,,,,,,,,,,,
Attacker's perspective based analysis on cyber attack mode to cyber-physical system,2014,,,,,,,,,,,,,,,,,
Automated Fault Detection and Diagnosis in Mechanical Systems,2007,,,,,,,,,,,,,,,,,
Autonomous Fault Detection for Performance Bugs in Component-Based Robotic Systems,2016,,,,,,,,,,,,,,,,,
Batch-Normalized Convolutional Neural Networks for Defect Detection of the Steel Strip,2020,,,,,,,,,,,,,,,,,
Behavior rule specification-based intrusion detection for safety critical medical cyber physical systems,2015,,,,,,,,,,,,,,,,,
Bi-directional DC-DC Converters and Energy Storage Systems of DVRâ€”An Analysis,2023,,,,,,,,,,,,,,,,,
Big Data analytics and Computational Intelligence for Cyber–Physical Systems: Recent trends and state of the art applications,2020,,,,,,,,,,,,,,,,,
Big Data Outlier Detection Model Based on Improved Density Peak Algorithm,2021,,,,,,,,,,,,,,,,,
Bioinformatics in Diagnosis of COVID-19,2022,,,,,,,,,,,,,,,,,
Blockchain-Based and Fuzzy Logic-Enabled False Data Discovery for the Intelligent Autonomous Vehicular System,2023,,,,,,,,,,,,,,,,,
Brain Tumour Segmentation Using Hybrid Approach,2022,,,,,,,,,,,,,,,,,
CatchAll: A Robust Multivariate Intrusion Detection System for Cyber-Physical Systems using Low Rank Matrix,2021,,,,,,,,,,,,,,,,,
Chaotic marine predators optimization based task scheduling scheme for resource limited cyber-physical systems,2023,,,,,,,,,,,,,,,,,
Classification and Intelligent Mining of Anomalies in Industrial IoT,2021,,,,,,,,,,,,,,,,,
Classifying network abnormalities into faults and attacks in IoT-based cyber physical systems using machine learning,2020,,,,,,,,,,,,,,,,,
Cloud-edge coordinated traffic anomaly detection for industrial cyber-physical systems,2023,,,,,,,,,,,,,,,,,
COMET: Communication-Optimised Multi-Threaded Error-Detection Technique,2016,,,,,,,,,,,,,,,,,
Comparing Multilayer Perceptron and Probabilistic Neural Network for PV Systems Fault Detection,2022,,,,,,,,,,,,,,,,,
Completely stealthy attacks on cyber-physical system with parity space based monitoring,2019,,,,,,,,,,,,,,,,,
Completely stealthy attacks on cyber-physical system with parity space based monitoring,2019,,,,,,,,,,,,,,,,,
Component Based Design of Fault Tolerant Devices in Cyber Physical System,2012,,,,,,,,,,,,,,,,,
Concurrent Error Correction in Systolic Architectures,2006,,,,,,,,,,,,,,,,,
Construction of multi-modal perception model of communicative robot in non-structural cyber physical system environment based on optimized BT-SVM model,2022,,,,,,,,,,,,,,,,,
Container Cascade Fault Detection Based on Spatial–temporal Correlation in Cloud Environment,2023,,,,,,,,,,,,,,,,,
Cost-aware reliability task scheduling of automotive cyber-physical systems,2021,,,,,,,,,,,,,,,,,
Countermeasures to Enhance Cyber-physical System Security and Safety,2014,,,,,,,,,,,,,,,,,
Countermeasures to enhance cyber-physical system security and safety,2014,,,,,,,,,,,,,,,,,
COVID-19 Detection Using Discrete Particle Swarm Optimization Clustering with Image Processing,2022,,,,,,,,,,,,,,,,,
CPSD2: A new approach for cyber-physical systems design and development,2022,,,,,,,,,,,,,,,,,
Crack Defects Detection in Radiographic Weldment Images Using FSVM and Beamlet Transform,2009,,,,,,,,,,,,,,,,,
Crack Defects Detection in Radiographic Weldment Images Using FSVM and Beamlet Transform,2009,,,,,,,,,,,,,,,,,
Cross-layer anomaly detection in industrial cyber-physical systems,2017,,,,,,,,,,,,,,,,,
Cross-level Detection of Sensor-based Deception Attacks on Cyber-Physical Systems,2018,,,,,,,,,,,,,,,,,
Cyber Physical System for Stroke Detection,2018,,,,,,,,,,,,,,,,,
Cyber-Physical Attack Conduction and Detection in Decentralized Power Systems,2022,,,,,,,,,,,,,,,,,
Cyber-physical system based factory monitoring and fault diagnosis framework with plant-wide performance optimization,2018,,,,,,,,,,,,,,,,,
Cyber–physical system for fast prototyping of power electronic converters in EMI shaping context,2023,,,,,,,,,,,,,,,,,
Cyber-Physical System of Intelligent Diagnosis of Generator Winding Insulation,2018,,,,,,,,,,,,,,,,,
Cyber-Physical System Security Surveillance using Knowledge Graph based Digital Twins - A Smart Farming Usecase,2021,,,,,,,,,,,,,,,,,
Cyber-Physical System Security With Deceptive Virtual Hosts for Industrial Control Networks,2014,,,,,,,,,,,,,,,,,
Cybersecurity for Smart Cities,2023,,,,,,,,,,,,,,,,,
Cybersecurity of Industrial Cyber-Physical Systems: A Review,2022,,,,,,,,,,,,,,,,,
Data Description and Noise Filtering Based Detection with Its Application and Performance Comparison,2009,,,,,,,,,,,,,,,,,
"Data Driven Process Monitoring, from Fault Detection and Diagnosis Points of View, in Industry 4.0 Context",2022,,,,,,,,,,,,,,,,,
Data Mining Algorithms for Decentralized Fault Detection and Diagnosis in Industrial Systems,2012,,,,,,,,,,,,,,,,,
Data quality challenges in large-scale cyber-physical systems: A systematic review,2022,,,,,,,,,,,,,,,,,
Data Security and Privacy in Industrial IoT,2021,,,,,,,,,,,,,,,,,
Data-driven anomaly detection in cyber-physical production systems,2015,,,,,,,,,,,,,,,,,
Data-Driven Anomaly Detection in Modern Power Systems,2020,,,,,,,,,,,,,,,,,
Data-driven cyber-physical system framework for connected resistance spot welding weldability certification,2021,,,,,,,,,,,,,,,,,
Decentralized fault-tolerant controller based on cooperative smart-wireless sensors in large-scale buildings,2023,,,,,,,,,,,,,,,,,
Deep Learning for Security and Privacy Preservation in IoT,2021,,,,,,,,,,,,,,,,,
Deep Learning Framework for Anomaly Detection in Iot Enabled Systems,2021,,,,,,,,,,,,,,,,,
Deep Learning-based Anomaly Detection in Cyber-physical Systems: Progress and Opportunities,2021,,,,,,,,,,,,,,,,,
Deep Learning-Based Cyber–Physical Feature Fusion for Anomaly Detection in Industrial Control Systems,2022,,,,,,,,,,,,,,,,,
Deep Learning-Based Defect Detection on Livestock Operations,2022,,,,,,,,,,,,,,,,,
Deep Learning-Based Intelligent Reading Recognition Method of the Digital Multimeter,2021,,,,,,,,,,,,,,,,,
Deep Representation Learning for Cyber-Attack Detection in Industrial IoT,2021,,,,,,,,,,,,,,,,,
Defining adaptivity and logical architecture for engineering (smart) self-adaptive cyber–physical systems,2022,,,,,,,,,,,,,,,,,
Deflection Angle Detection Method Study for Two Fingerprint Images Based on the Fingerprint Character Ring,2010,,,,,,,,,,,,,,,,,
Dependability Analysis of Fault Tolerant Systems Based on Partial Dynamic Reconfiguration Implemented into FPGA,2012,,,,,,,,,,,,,,,,,
Design and Fault Simulation Verification of Hybrid Simulation Platform of Distribution Network Cyber Physical System,2021,,,,,,,,,,,,,,,,,
"Design and verification of Cyber-Physical Systems using TrueTime, evolutionary optimization and UPPAAL",2016,,,,,,,,,,,,,,,,,
Design of an Artificial Immune System for Fault Detection: A Negative Selection Approach,2010,,,,,,,,,,,,,,,,,
Design of BTI Sensor-Based Improved SRAM for Mobile Computing Applications,2020,,,,,,,,,,,,,,,,,
"Design, modelling, simulation and integration of cyber physical systems: Methods and applications",2016,,,,,,,,,,,,,,,,,
Design-for-reliability and on-the-fly fault tolerance procedure for paper-based digital microfluidic biochips with multiple faults,2023,,,,,,,,,,,,,,,,,
Designing and verifying distributed cyber-physical systems using Multirate PALS: An airplane turning control system case study,2015,,,,,,,,,,,,,,,,,
Desirable Advances in Cyber-Physical System Software Engineering,2010,,,,,,,,,,,,,,,,,
Detecting False Data Injection Attack on Cyber-Physical System Based on Delta Operator,2018,,,,,,,,,,,,,,,,,
Detecting Known and Unknown Faults in Automotive Systems Using Ensemble-Based Anomaly Detection,2017,,,,,,,,,,,,,,,,,
Detection and Localization of Stealthy Cyber Attacks in Cyber-Physical Discrete Event Systems,2023,,,,,,,,,,,,,,,,,
Detection of Blotch and Scratch in Video Based on Video Decomposition,2013,,,,,,,,,,,,,,,,,
Detection of Cyber Physical Attacks on Water Distribution Systems via Principal Component Analysis and Artificial Neural Networks,2017,,,,,,,,,,,,,,,,,
Detection of false data injection attacks in cyber-physical systems using dynamic invariants,2019,,,,,,,,,,,,,,,,,
Detection of Unknown Bearing Faults Using Re-Weighted Symplectic Geometric Node Network Characteristics and Structure Analysis,2023,,,,,,,,,,,,,,,,,
Determination of Fatigue Following Maximal Loaded Treadmill Exercise by Using Wavelet Packet Transform Analysis and MLPNN from MMG-EMG Data Combinations,2015,,,,,,,,,,,,,,,,,
Development and use of a new task model for cyber-physical systems: A real-time scheduling perspective,2017,,,,,,,,,,,,,,,,,
Development of a cyber-physical system for mobile robot control using Erlang,2013,,,,,,,,,,,,,,,,,
Diagnosis for COVID-19,2022,,,,,,,,,,,,,,,,,
Digital Twin-based Anomaly Detection in Cyber-physical Systems,2021,,,,,,,,,,,,,,,,,
Digital Twin-based Anomaly Detection with Curriculum Learning in Cyber-physical Systems,2023,,,,,,,,,,,,,,,,,
Dilated Convolutional Neural Network Based Model for Bearing Faults and Broken Rotor Bar Detection in Squirrel Cage Induction Motors,2022,,,,,,,,,,,,,,,,,
Distributed Control Enabling Consistent MAC Policies and IDS Based on a Meta-Policy Approach,2006,,,,,,,,,,,,,,,,,
Distributed-Graph-Based Statistical Approach for Intrusion Detection in Cyber-Physical Systems,2018,,,,,,,,,,,,,,,,,
Double-Weighted Neighborhood Standardization Method with Applications to Multimode-Process Fault Detection,2020,,,,,,,,,,,,,,,,,
Dynamic-weighted simplex strategy for learning enabled cyber physical systems,2020,,,,,,,,,,,,,,,,,
Early warning model of cyber-physical cascading failures in microgeneration system,2020,,,,,,,,,,,,,,,,,
Effective real-time scheduling algorithm for cyber physical systems society,2014,,,,,,,,,,,,,,,,,
Efficient Anomaly Detection for Empowering Cyber Security by Using Adaptive Deep Learning Model,2023,,,,,,,,,,,,,,,,,
Efficient Approaches to Steady State Detection in Multivariate Systems,2022,,,,,,,,,,,,,,,,,
Efficient Majority Logic Fault Detection With Difference-Set Codes for Memory Applications,2012,,,,,,,,,,,,,,,,,
Efficient Reservation-based Fault-Tolerant Scheduling for IEEE 802.1Qbv Time-Sensitive Networking,2022,,,,,,,,,,,,,,,,,
Embedded Transitive Closure Network for Runtime Deadlock Detection in Networks-on-Chip,2012,,,,,,,,,,,,,,,,,
Emerging IT/ICT and AI Technologies Affecting Society,2023,,,,,,,,,,,,,,,,,
Enabling Technologies for Effective Planning and Management in Sustainable Smart Cities,2023,,,,,,,,,,,,,,,,,
Enhanced anomaly detector for nonlinear cyber-physical systems against stealthy integrity attacks,2020,,,,,,,,,,,,,,,,,
Enhanced cyber-physical security of steering stability control system for four-wheel independent drive electric vehicles,2020,,,,,,,,,,,,,,,,,
Enhancing cyber physical system security via anomaly detection using behaviour analysis,2017,,,,,,,,,,,,,,,,,
Enhancing dependability and energy efficiency of cyber-physical systems by dynamic actuator derating,2020,,,,,,,,,,,,,,,,,
Estimating Anomality of the Video Sequences for Surveillance Using 1-Class SVM,2008,,,,,,,,,,,,,,,,,
Estimator-based iterative deviation-free residual generator for fault detection under random access protocol,2022,,,,,,,,,,,,,,,,,
Event-Triggered Fault Detection for Networked LPV Systems,2019,,,,,,,,,,,,,,,,,
Experimental Application of Nonlinear Minimum Variance Estimation for Fault Detection Systems,2016,,,,,,,,,,,,,,,,,
Fabric Defect Detection Method Based on Gabor Filter Mask,2009,,,,,,,,,,,,,,,,,
Failures in fault-tolerant FPGA-based controllers – A case study,2019,,,,,,,,,,,,,,,,,
Fault and Attack Collaborative Detection for Cyber-Physical System in Complex Network Environment using Delta Operator,2021,,,,,,,,,,,,,,,,,
Fault Detection for Power Electronic Converters Based on Continuous Wavelet Transform and Convolution Neural Network,2022,,,,,,,,,,,,,,,,,
Fault Detection in Mixture Production Process Based on Wavelet Packet and Support Vector Machine,2021,,,,,,,,,,,,,,,,,
Fault Detection in Nonlinear Systems Based on Type-2 Fuzzy Sets and Bat Optimization Algorithm,2015,,,,,,,,,,,,,,,,,
Fault Detection Method Based on Auto-Associative Kernel Regression and Interval Type-2 Fuzzy Logic System for Multivariate Process,2021,,,,,,,,,,,,,,,,,
Fault Diagnosis and Fault Tolerant Control for Wind Turbine Dynamic Systems,2022,,,,,,,,,,,,,,,,,
Fault Modeling and Simulation Based on Cyber Physical System in Complex Distribution Network,2018,,,,,,,,,,,,,,,,,
Fault tolerant placement of stateful VNFs and dynamic fault recovery in cloud networks,2020,,,,,,,,,,,,,,,,,
Fault-tolerant multi-agent control architecture for autonomous mobile manipulators: Simulation results,2015,,,,,,,,,,,,,,,,,
Fault-tolerant real-time tasks scheduling with dynamic fault handling,2020,,,,,,,,,,,,,,,,,
Fetal Electrocardiogram Extraction and Analysis Using Adaptive Noise Cancellation and Wavelet Transformation Techniques,2018,,,,,,,,,,,,,,,,,
Finding faults: A scoping study of fault diagnostics for Industrial Cyber–Physical Systems,2020,,,,,,,,,,,,,,,,,
Finite-time fault-tolerant control of teleoperating cyber physical system against faults,2023,,,,,,,,,,,,,,,,,
Fixed-time fault-tolerant consensus control for multi-agent systems with mismatched disturbances,2019,,,,,,,,,,,,,,,,,
Formal Modelling and Analysis of Bitflips in ARM Assembly Code,2016,,,,,,,,,,,,,,,,,
Fractional-Order Control for Uncertain Teleoperated Cyber-Physical System With Actuator Fault,2021,,,,,,,,,,,,,,,,,
From wireless sensor networks towards cyber physical systems,2011,,,,,,,,,,,,,,,,,
Fuzzy Filter Design for Itô Stochastic Systems with Application to Sensor Fault Detection,2009,,,,,,,,,,,,,,,,,
Fuzzy Model Based On-Line Stator Winding Turn Fault Detection for Induction Motors,2006,,,,,,,,,,,,,,,,,
GeneaLog: Fine-grained data streaming provenance in cyber-physical systems,2019,,,,,,,,,,,,,,,,,
Grounding Failure Detection Based on Wavelets Method in Resonant Grounded Power Distribution System,2010,,,,,,,,,,,,,,,,,
Guaranteed model-based fault detection in cyber–physical systems: A model invalidation approach,2018,,,,,,,,,,,,,,,,,
HADES: A Hybrid Anomaly Detection System for Large-Scale Cyber-Physical Systems,2020,,,,,,,,,,,,,,,,,
Handbook of Cognitive and Autonomous Systems for Fire Resilient Infrastructures,2022,,,,,,,,,,,,,,,,,
Hardware Assisted Pre-Emptive Control Flow Checking for Embedded Processors to Improve Reliability,2006,,,,,,,,,,,,,,,,,
Health and Usage Monitoring System for Military Vehicles,2019,,,,,,,,,,,,,,,,,
Hierarchical multiple time scales cyber-physical modeling of demand-side resources in future electricity market,2021,,,,,,,,,,,,,,,,,
How a cyber-physical system can efficiently obtain a snapshot of physical information even in the presence of sensor faults,2008,,,,,,,,,,,,,,,,,
Hybrid Convolutional Multilayer Perceptron for Cyber Physical Systems (HCMP-CPS),2023,,,,,,,,,,,,,,,,,
IADF-CPS: Intelligent Anomaly Detection Framework towards Cyber Physical Systems,2022,,,,,,,,,,,,,,,,,
Identifying Malware on Cyber Physical Systems by incorporating Semi-Supervised Approach and Deep Learning,2019,,,,,,,,,,,,,,,,,
IEEE 1815.1-Based Power System Security With Bidirectional RNN-Based Network Anomalous Attack Detection for Cyber-Physical System,2020,,,,,,,,,,,,,,,,,
Image processing based anomaly detection approach for synchronous movements in cyber-physical systems,2018,,,,,,,,,,,,,,,,,
Impact assessment of anomaly propagation in a naval water distribution cyber-physical system,2021,,,,,,,,,,,,,,,,,
Implementation of a Large-Scale Platform for Cyber-Physical System Real-Time Monitoring,2019,,,,,,,,,,,,,,,,,
Improved Test Pattern Generation for Hardware Trojan Detection Using Genetic Algorithm and Boolean Satisfiability,2022,,,,,,,,,,,,,,,,,
Improving Efficiency and Accuracy of Safety Related Algorithms for Unmanned Aircraft Systems,2017,,,,,,,,,,,,,,,,,
In Cloud Computing Detection of DDoS Attack Using AI-Based Ensembled Techniques,2023,,,,,,,,,,,,,,,,,
Industrial automation based on cyber-physical systems technologies: Prototype implementations and challenges,2016,,,,,,,,,,,,,,,,,
Industrial Cyberâ€“Physical System Defense Resource Allocation Using Distributed Anomaly Detection,2022,,,,,,,,,,,,,,,,,
Industrial Time Series Determinative Anomaly Detection Based on Constraint Hypergraph,2021,,,,,,,,,,,,,,,,,
Information flow diagram analysis of a model cyber-physical system: Conflict detection and resolution for airport surface traffic,2013,,,,,,,,,,,,,,,,,
Integrated design of fault estimation and fault-tolerant control for linear multi-agent systems using relative outputs,2019,,,,,,,,,,,,,,,,,
Intelligent Autonomous Drones in Industry 4.0,2023,,,,,,,,,,,,,,,,,
Intelligent Bearing Fault Detection by Enhanced Energy Operator,2014,,,,,,,,,,,,,,,,,
Intelligent Selective Modular Redundancy for Online Fault Detection of Adders in FPGA,2017,,,,,,,,,,,,,,,,,
Interleaved DC-DC Boost Converter in DC Distribution Fault Detection Method Using Artificial Neural Networks,2021,,,,,,,,,,,,,,,,,
Interval observer-based fault detection in finite frequency domain for discrete-time fuzzy systems,2018,,,,,,,,,,,,,,,,,
Intrusion detection in cyber-physical systems based on petri net,2018,,,,,,,,,,,,,,,,,
Intrusion detection in cyber-physical systems: Techniques and challenges,2014,,,,,,,,,,,,,,,,,
Intrusion Detection in IoT-Based Healthcare Using ML and DL Approaches: A Case Study,2023,,,,,,,,,,,,,,,,,
Intrusion Detection System Using Ensemble Machine Learning for Digital Infrastructure,2023,,,,,,,,,,,,,,,,,
IoT Data Security with Machine Learning Blckchain: Risks and Countermeasures,2021,,,,,,,,,,,,,,,,,
IoT Security Vulnerabilities and Defensive Measures in Industry 4.0,2023,,,,,,,,,,,,,,,,,
ITNG 2023 20th International Conference on Information Technology-New Generations,2023,,,,,,,,,,,,,,,,,
KCAD: Kinetic cyber-attack detection method for cyber-physical additive manufacturing systems,2016,,,,,,,,,,,,,,,,,
KRAKENBOX: DEEP LEARNING-BASED ERROR DETECTOR FOR INDUSTRIAL CYBER-PHYSICAL SYSTEMS,2021,,,,,,,,,,,,,,,,,
Latent Knowledge Reasoning Incorporated for Multi-Fitting Decoupling Detection on Electric Transmission Line,2023,,,,,,,,,,,,,,,,,
Learning Based Anomaly Detection in Critical Cyber-Physical Systems,2020,,,,,,,,,,,,,,,,,
Learning from Mutants: Using Code Mutation to Learn and Monitor Invariants of a Cyber-Physical System,2018,,,,,,,,,,,,,,,,,
Lifecycle-Based View on Cyber-Physical System Models Using Extended Hidden Markov Models,2022,,,,,,,,,,,,,,,,,
Lifetime-aware real-time task scheduling on fault-tolerant mixed-criticality embedded systems,2019,,,,,,,,,,,,,,,,,
Lightweight Misbehavior Detection Management of Embedded IoT Devices in Medical Cyber Physical Systems,2020,,,,,,,,,,,,,,,,,
Linear approximation fuzzy model for fault detection in cyber-physical system for supply chain management,2020,,,,,,,,,,,,,,,,,
Literature review on using data mining in production planning and scheduling within the context of cyber physical systems,2022,,,,,,,,,,,,,,,,,
Low-Cost Strategy to Detect Faults Affecting Scrubbers in SRAM-Based FPGAs,2022,,,,,,,,,,,,,,,,,
Machine Learning and Internet of Things for Societal Issues,2022,,,,,,,,,,,,,,,,,
"Machine Learning Based Monitoring and Analysis for Enhanced Power System Stability, Security and Reliability",2022,,,,,,,,,,,,,,,,,
Making interoperability visible: Data visualization of cyber-physical systems development tool chains,2016,,,,,,,,,,,,,,,,,
Malicious URL Detection Using Machine Learning,2023,,,,,,,,,,,,,,,,,
"Meta-learning as a promising approach for few-shot cross-domain fault diagnosis: Algorithms, applications, and prospects",2022,,,,,,,,,,,,,,,,,
Methods of anomaly state detection for power systems based on bilateral cyber-physical information,2022,,,,,,,,,,,,,,,,,
Misinformation Detection inÂ Cyber Smart Cities,2023,,,,,,,,,,,,,,,,,
Model predictive control considering cyber-physical system to dampen low frequency oscillation of interconnected power systems,2015,,,,,,,,,,,,,,,,,
Model-based engineering for designing cyber-physical systems from product specifications,2023,,,,,,,,,,,,,,,,,
Model-Based Personalized Visualization System for Monitoring Evolving Industrial Cyber-Physical System,2018,,,,,,,,,,,,,,,,,
Mode-switching approach to detect stealthy sensor attacks for cyber-physical systems,2021,,,,,,,,,,,,,,,,,
Modified dual output single phase current source back end converter with resilient cyber infrastructure,2021,,,,,,,,,,,,,,,,,
Monitoring a Robot Swarm Using a Data-Driven Fault Detection Approach,2017,,,,,,,,,,,,,,,,,
MoULDyS: Monitoring of autonomous systems in the presence of uncertainties,2023,,,,,,,,,,,,,,,,,
Multi-Agent Approach for Enhancing Security of Protection Schemes in Cyber-Physical Energy Systems,2017,,,,,,,,,,,,,,,,,
Multi-scale and multi-pooling sparse filtering: A simple and effective representation learning method for intelligent fault diagnosis,2021,,,,,,,,,,,,,,,,,
Multi-scale approach from mechatronic to Cyber-Physical Systems for the design of manufacturing systems,2017,,,,,,,,,,,,,,,,,
Network Attack Detection Method of the Cyber-Physical Power System Based on Ensemble Learning,2022,,,,,,,,,,,,,,,,,
Neuro-Fuzzy Identification Applied to Fault Detection in Nonlinear Systems,2011,,,,,,,,,,,,,,,,,
Noise Removal Filtering Methods for Mammogram Breast Images,2023,,,,,,,,,,,,,,,,,
Noncontact Defect Detection Method of Automobile Cylinder Block Based on SVM Algorithm,2022,,,,,,,,,,,,,,,,,
Non-invasive cyber-physical system for data center management,2017,,,,,,,,,,,,,,,,,
Notice of Violation of IEEE Publication Principles: Research on Reliability of Distribution Network Based on Grid Cyber-Physical System and Telecontrol System,2017,,,,,,,,,,,,,,,,,
Novel Anomaly Detection Scheme for Cyber Physical System using C-GAN in Fog assisted IoT Environment,2023,,,,,,,,,,,,,,,,,
On IoT misbehavior detection in cyber physical systems,2019,,,,,,,,,,,,,,,,,
On survivability of mobile cyber physical systems with intrusion detection,2013,,,,,,,,,,,,,,,,,
On the Detectability of the Mode Division-based Anomaly Detector in Industrial Cyber-physical Systems,2022,,,,,,,,,,,,,,,,,
On the learning of timing behavior for anomaly detection in cyber-physical production systems,2015,,,,,,,,,,,,,,,,,
On the use of a full stack hardware/software infrastructure for sensor data fusion and fault prediction in industry 4.0,2020,,,,,,,,,,,,,,,,,
On-Device Prior Knowledge Incorporated Learning for Personalized Atrial Fibrillation Detection,2021,,,,,,,,,,,,,,,,,
Online Anomaly Detection in Unmanned Vehicles,2011,,,,,,,,,,,,,,,,,
Online Data-Driven Anomaly Detection in Autonomous Robots,2015,,,,,,,,,,,,,,,,,
Online Detection Method for Internal Fault of Permanent Magnet Synchronous Generator Based on New Type of Search Coil,2019,,,,,,,,,,,,,,,,,
Online Detection of Weld Surface Defects Based on Improved Incremental Learning Approach,2022,,,,,,,,,,,,,,,,,
Online Fault Detection of Irreversible Demagnetization Using Current Injection and Dual Extended Kalman Filter In Decoupled Vector Space Decomposition Control,2021,,,,,,,,,,,,,,,,,
Online Monitoring and Control Method of Product Quality Based on Embedded Cyber-Physical System Models,2017,,,,,,,,,,,,,,,,,
Online Tracking of Component Interactions for Failure Detection and Localization in Distributed Systems,2007,,,,,,,,,,,,,,,,,
Operating System Support to Detect Application Hangs,2008,,,,,,,,,,,,,,,,,
Optimal Parameter Selection Using Explainable AI For Time-Series Anomaly Detection,2022,,,,,,,,,,,,,,,,,
Optimal Prevention and Control Strategy Against Preconceive Faults in Electric Cyber-Physical System,2018,,,,,,,,,,,,,,,,,
Optimal scheduling for maximizing information freshness and system performance in industrial cyber–physical systems,2021,,,,,,,,,,,,,,,,,
Overview of Security for Smart Cyber-Physical Systems,2020,,,,,,,,,,,,,,,,,
Overview of Security for Smart Cyber-Physical Systems,2020,,,,,,,,,,,,,,,,,
Parallelizing Software-Implemented Error Detection,2009,,,,,,,,,,,,,,,,,
Partial Cloud-Based Evolving Method for Fault Detection of HVAC System,2018,,,,,,,,,,,,,,,,,
Pattern recognition method of fault diagnostics based on a new health indicator for smart manufacturing,2020,,,,,,,,,,,,,,,,,
Perching Failure Detection and Recovery with Onboard Sensing,2015,,,,,,,,,,,,,,,,,
Performance Analysis of Hyperparameters of Convolutional Neural Networks for COVID-19 X-ray Image Classification,2023,,,,,,,,,,,,,,,,,
Performance Improvement of Intrusion Detection System for Detecting Attacks on Internet of Things and Edge of Things,2022,,,,,,,,,,,,,,,,,
Period adaptation of real-time control tasks with fixed-priority scheduling in cyber-physical systems,2020,,,,,,,,,,,,,,,,,
Peripheral Diagnosis for Propagated Network Faults,2021,,,,,,,,,,,,,,,,,
Phantom Redundancy: A Register Transfer Level Technique for Gracefully Degradable Data Path Synthesis,2006,,,,,,,,,,,,,,,,,
Phishing Attack Detection Using Machine Learning,2023,,,,,,,,,,,,,,,,,
Pixel-Wise Road Pavement Defects Detection Using U-Net Deep Neural Network,2019,,,,,,,,,,,,,,,,,
Pothole Detection and Warning System for Intelligent Vehicles,2023,,,,,,,,,,,,,,,,,
Power Switch Open-Circuit Fault Detection in an Interleaved DC/DC Buck Converter for Electrolyzer Applications by Using Curvilinear Component Analysis,2018,,,,,,,,,,,,,,,,,
Prediction of Deviation Range of Gear Autonomous Machining Relying on Failure Sign Algorithm of Firefly Neural Network,2022,,,,,,,,,,,,,,,,,
Prediction of Phase-Controlled Breaking Zero Point of Electronic and Electrical Fault Current Considering Branch Definition Algorithm,2022,,,,,,,,,,,,,,,,,
Predictive Data Security using AI,2023,,,,,,,,,,,,,,,,,
Predictive maintenance for cyber physical systems using neural network based on deep soft sensor and industrial internet of things,2022,,,,,,,,,,,,,,,,,
Privacy Preserving Federated Learning Solution for Security of Industrial Cyber Physical Systems,2021,,,,,,,,,,,,,,,,,
Privacy reinforcement learning for faults detection in the smart grid,2021,,,,,,,,,,,,,,,,,
Proactive fault-tolerant wireless mesh networks for mission-critical control systems,2021,,,,,,,,,,,,,,,,,
Probabilistic Fault Detector for Wireless Sensor Network,2014,,,,,,,,,,,,,,,,,
"Proceedings of the 4th International Conference on Data Science, Machine Learning and Applications",2023,,,,,,,,,,,,,,,,,
Process-Based Anomaly Detection and Analysis for Cyber-Physical System with MQTT Protocol,2020,,,,,,,,,,,,,,,,,
Process-based anomaly detection and analysis for cyber-physical system with MQTT protocol,2020,,,,,,,,,,,,,,,,,
Quality of Life Estimation Using a Convolutional Neural Network Technique,2023,,,,,,,,,,,,,,,,,
Quantized Fault Detection Filter Design for Networked Control System with Markov Jump Parameters,2021,,,,,,,,,,,,,,,,,
RDR-Based Knowledge Based System to the Failure Detection in Industrial Cyber Physical Systems,2018,,,,,,,,,,,,,,,,,
RDR-based knowledge based system to the failure detection in industrial cyber physical systems,2018,,,,,,,,,,,,,,,,,
RDR-based knowledge based system to the failure detection in industrial cyber physical systems,2018,,,,,,,,,,,,,,,,,
Realistic Fire Resistance Evaluation in the Context of Autonomous Infrastructure,2022,,,,,,,,,,,,,,,,,
Real-time detection of deception attacks in cyber-physical systems,2023,,,,,,,,,,,,,,,,,
Real-time identification of cyber-physical attacks on water distribution systems via machine learning-based anomaly detection techniques,2019,,,,,,,,,,,,,,,,,
Real-Time Spatio-Temporal Based Outlier Detection Framework for Wireless Body Sensor Networks,2020,,,,,,,,,,,,,,,,,
Real-Time Stereo Reconstruction Failure Detection and Correction Using Deep Learning,2018,,,,,,,,,,,,,,,,,
Recomputing with Permuted Operands: A Concurrent Error Detection Approach,2013,,,,,,,,,,,,,,,,,
Reduced Precision Checking for a Floating Point Adder,2009,,,,,,,,,,,,,,,,,
Reducing the Sampling Complexity of Energy Detection in Cognitive Radio Networks under Low SNR by Using the Optimal Stochastic Resonance Technique,2013,,,,,,,,,,,,,,,,,
Reinforcement learning-based distant supervision relation extraction for fault diagnosis knowledge graph construction under industry 4.0,2023,,,,,,,,,,,,,,,,,
Reliability Analyses of Wide-Area Protection System Considering Cyber-Physical System Constraints,2021,,,,,,,,,,,,,,,,,
Reliability evaluation of cyber-physical system considering integration of power and communication risk,2021,,,,,,,,,,,,,,,,,
"Reliable software technologies and communication middleware: A perspective and evolution directions for cyber-physical systems, mobility, and cloud computing",2017,,,,,,,,,,,,,,,,,
Research on Application of Cyber-Physical System in Fault Diagnosis of Power Grid,2018,,,,,,,,,,,,,,,,,
Research on Attack Detection of Cyber Physical Systems Based on Improved Support Vector Machine,2022,,,,,,,,,,,,,,,,,
Research on Bearing Current Detection Method of High-Speed Motor Driven by PWM Inverter,2019,,,,,,,,,,,,,,,,,
Research on Co-Design of Security Control and Communication for Cyber Physical System under Cyber-Attacks,2019,,,,,,,,,,,,,,,,,
Research on Detection Algorithm of Lithium Battery Surface Defects Based on Embedded Machine Vision,2021,,,,,,,,,,,,,,,,,
Resilient monitoring in self-adaptive systems through behavioral parameter estimation,2021,,,,,,,,,,,,,,,,,
Resistance Strategy of Power Cyber-Physical System under Large-Scale and Complex Faults,2022,,,,,,,,,,,,,,,,,
Resource-efficient cyber-physical systems design: A survey,2020,,,,,,,,,,,,,,,,,
ReT-FTS: Re-transmission-based fault-tolerant scheduling in TSN,2023,,,,,,,,,,,,,,,,,
RFLS - Resilient Fault-proof Localization System in IoT and Crowd-based Sensing Applications,2020,,,,,,,,,,,,,,,,,
Robust Decentralized Context-Aware Sensor Fault Detection with In-Place Self-Calibration,2018,,,,,,,,,,,,,,,,,
Robust Fault Detection of Uncertain Lipschitz Nonlinear Systems with Simultaneous Disturbance Attenuation Level and Enhanced Fault Sensitivity and Lipschitz Constant,2018,,,,,,,,,,,,,,,,,
Robust Fault Diagnosis by Ga Optimisation with Applications to Wind Turbine Systems and Induction Motors,2016,,,,,,,,,,,,,,,,,
Robust Multivariate Anomaly-Based Intrusion Detection System for Cyber-Physical Systems,2021,,,,,,,,,,,,,,,,,
Robustness Testing of Data and Knowledge Driven Anomaly Detection in Cyber-Physical Systems,2022,,,,,,,,,,,,,,,,,
Saturation Defense Method of a Power Cyber-physical System Based on Active Cut Set,2022,,,,,,,,,,,,,,,,,
Scientific Computational Visual Analysis of Wood Internal Defects Detection in View of Tomography Image Reconstruction Algorithm,2022,,,,,,,,,,,,,,,,,
Search-Based test case prioritization for simulation-Based testing of cyber-Physical system product lines,2019,,,,,,,,,,,,,,,,,
Secure Multipliers Resilient to Strong Fault-Injection Attacks Using Multilinear Arithmetic Codes,2012,,,,,,,,,,,,,,,,,
Selection of Wavelet Packet Measures for Insufficiency Murmur Identification,2011,,,,,,,,,,,,,,,,,
Self-adaptation in software-intensive cyber–physical systems: From system goals to architecture configurations,2016,,,,,,,,,,,,,,,,,
Sensing Anomalies As Potential Hazards: Datasets And Benchmarks,2022,,,,,,,,,,,,,,,,,
Sensor Attack Detection Using History Based Pairwise Inconsistency,2018,,,,,,,,,,,,,,,,,
Sensor fault detection and diagnosis in the presence of outliers,2019,,,,,,,,,,,,,,,,,
Server-Edge dualized closed-loop data analytics system for cyber-physical system application,2021,,,,,,,,,,,,,,,,,
Service-oriented approach to fault tolerance in CPSs,2015,,,,,,,,,,,,,,,,,
Short-Circuit Fault Detection for a Five-Phase 30-Slot/32-Pole Permanent-Magnet Synchronous Machine,2018,,,,,,,,,,,,,,,,,
Simple Analysis of the Measurement Methods of Arc Fault,2014,,,,,,,,,,,,,,,,,
Smart Agriculture for Developing Nations,2023,,,,,,,,,,,,,,,,,
Smart Farming Assistance with Plant Disease Detection Using Deep Learning,2023,,,,,,,,,,,,,,,,,
Smart Trends in Computing and Communications,2023,,,,,,,,,,,,,,,,,
Socio-cyber network: The potential of cyber-physical system to define human behaviors using big data analytics,2019,,,,,,,,,,,,,,,,,
Software Defect Prediction Survey Introducing Innovations with Multiple Techniques,2023,,,,,,,,,,,,,,,,,
Software-Based Adaptive and Concurrent Self-Testing in Programmable Network Interfaces,2006,,,,,,,,,,,,,,,,,
Software-Defined DDoS Detection with Information Entropy Analysis and Optimized Deep Learning,2022,,,,,,,,,,,,,,,,,
Spline Regression Based Feature Extraction for Semiconductor Process Fault Detection Using Support Vector Machine,2011,,,,,,,,,,,,,,,,,
STC: Sub-packetization tunable codes for fast recovery,2020,,,,,,,,,,,,,,,,,
Streaming data analysis framework for cyber-physical system of metal machining processes,2018,,,,,,,,,,,,,,,,,
Streaming data analysis framework for cyber-physical system of metal machining processes,2018,,,,,,,,,,,,,,,,,
Strengthening SIMON Implementation Against Intelligent Fault Attacks,2015,,,,,,,,,,,,,,,,,
Study on the mode of intelligent chemical industry based on cyber-physical system and its implementation,2016,,,,,,,,,,,,,,,,,
Study on Ultrasonic Detecting Technology of Profiled Component,2010,,,,,,,,,,,,,,,,,
Surface Defect Detection Method of Hot Rolling Strip Based on Improved SSD Model,2021,,,,,,,,,,,,,,,,,
Survey on APT Attack Detection in Industrial Cyber-Physical System,2021,,,,,,,,,,,,,,,,,
Survey on APT Attack Detection in Industrial Cyber-Physical System,2021,,,,,,,,,,,,,,,,,
Survivability analysis of mobile cyber physical systems with voting-based intrusion detection,2011,,,,,,,,,,,,,,,,,
Techniques for Data Consistency in Large Scale Distributed Systems - a Probabilistic Perspective,2008,,,,,,,,,,,,,,,,,
Testing of highly configurable cyber–physical systems — Results from a two-phase multiple case study,2023,,,,,,,,,,,,,,,,,
The Application of Fault Detection Technology in the Coal Mine Water Level Sensor,2014,,,,,,,,,,,,,,,,,
The AXIOM platform for next-generation cyber physical systems,2017,,,,,,,,,,,,,,,,,
The Risk of Botnets in Cyber Physical Systems,2020,,,,,,,,,,,,,,,,,
The Security in Networks Through Short Normalized Attack Graph Modeling,2023,,,,,,,,,,,,,,,,,
The Simplex Reference Model: Limiting Fault-Propagation Due to Unreliable Components in Cyber-Physical System Architectures,2007,,,,,,,,,,,,,,,,,
The Study of Transformer Fault Acoustic Signal Processing Based on HHT and Wavelet Contour,2009,,,,,,,,,,,,,,,,,
Thermal-aware management techniques for cyber-physical systems,2017,,,,,,,,,,,,,,,,,
Thresholds Based Outlier Detection Approach for Mining Class Outliers: An Empirical Case Study on Software Measurement Datasets,2011,,,,,,,,,,,,,,,,,
Time Series Anomaly Detection for Cyber-physical Systems via Neural System Identification and Bayesian Filtering,2021,,,,,,,,,,,,,,,,,
Time-series clustering for sensor fault detection in large-scale Cyber–Physical Systems,2022,,,,,,,,,,,,,,,,,
Time-series clustering for sensor fault detection in large-scale Cyber–Physical Systems,2022,,,,,,,,,,,,,,,,,
Title,Publication year,,,,,,,,,,,,,,,,,
Toward security monitoring of industrial Cyber-Physical systems via hierarchically distributed intrusion detection,2020,,,,,,,,,,,,,,,,,
Toward State-Unsaturation Guaranteed Fault Detection Method in Visual Servoing of Soft Robot Manipulators,2021,,,,,,,,,,,,,,,,,
Toward the integration of cyber and physical security monitoring systems for critical infrastructures,2021,,,,,,,,,,,,,,,,,
Towards soft real-time fault diagnosis for edge devices in industrial IoT using deep domain adaptation training strategy,2022,,,,,,,,,,,,,,,,,
Tree Topology Based Fault Diagnosis in Wireless Sensor Networks,2010,,,,,,,,,,,,,,,,,
TrustData: Trustworthy and Secured Data Collection for Event Detection in Industrial Cyber-Physical System,2020,,,,,,,,,,,,,,,,,
Tuning self-adaptation in cyber-physical systems through architectural homeostasis,2019,,,,,,,,,,,,,,,,,
Tutorial: Digital microfluidic biochips: Towards hardware/software co-design and cyber-physical system integration,2013,,,,,,,,,,,,,,,,,
Uncertainty-aware specification and analysis for hardware-in-the-loop testing of cyber-physical systems,2021,,,,,,,,,,,,,,,,,
Understanding fault-tolerance vulnerabilities in advanced SoC FPGAs for critical applications,2023,,,,,,,,,,,,,,,,,
Unknown Payload Anomaly Detection Based on Format and Field Semantics Inference in Cyber-Physical Infrastructure Systems,2021,,,,,,,,,,,,,,,,,
Unscented Kalman Filter based interval state estimation of cyber physical energy system for detection of dynamic attack,2019,,,,,,,,,,,,,,,,,
Use of Machine Learning in Forensics and Computer Security,2023,,,,,,,,,,,,,,,,,
Using Partial Duplication With Compare to Detect Radiation-Induced Failure in a Commercial FPGA-Based Networking System,2020,,,,,,,,,,,,,,,,,
Vehicle Trajectory Obfuscation andÂ Detection,2023,,,,,,,,,,,,,,,,,
VFD-AE: Efficient Attack Detection in Industrial Cyber-Physical Systems using Vital Feature Discovery and Deep Learning Technique,2022,,,,,,,,,,,,,,,,,
Vibration Fault Detection Cyber-physical System with Service Support,2019,,,,,,,,,,,,,,,,,
Video Event Detection for Fault Monitoring in Assembly Automation,2014,,,,,,,,,,,,,,,,,
Virtual Platforms for Model-Based Design of Dependable Cyber-Physical System Software,2014,,,,,,,,,,,,,,,,,
Wasserstein distance based deep adversarial transfer learning for intelligent fault diagnosis with unlabeled or insufficient labeled data,2020,,,,,,,,,,,,,,,,,
Wavelet transform for rotary machine fault diagnosis:10 years revisited,2023,,,,,,,,,,,,,,,,,
Wearable and interactive mixed reality solutions for fault diagnosis and assistance in manufacturing systems: Implementation and testing in an aseptic bottling line,2021,,,,,,,,,,,,,,,,,
Weibull Cumulative Distribution based real-time response and performance capacity modeling of Cyber–Physical Systems through software defined networking,2020,,,,,,,,,,,,,,,,,
White-Box Concealment Attacks Against Anomaly Detectors for Cyber-Physical Systems,2023,,,,,,,,,,,,,,,,,
Wind Turbine Fault Detection Based on Deep Residual Networks,2023,,,,,,,,,,,,,,,,,
Wind Turbine Main Bearing Fault Detection via Shaft Speed Signal Analysis under Constant Load,2016,,,,,,,,,,,,,,,,,
Workload-Aware Anomaly Detection for Web Applications,2014,,,,,,,,,,,,,,,,,
WSN in cyber physical systems: Enhanced energy management routing approach using software agents,2014,,,,,,,,,,,,,,,,,
Xentry: Hypervisor-Level Soft Error Detection,2014,,,,,,,,,,,,,,,,,
,,,,,,,,,,,,,,,,,,
,,,,,,,,,,,,,,,,,,
,,,,,,,,,,,,,,,,,,
,,,,,,,,,,,,,,,,,,
,,,,,,,,,,,,,,,,,,
,,,,,,,,,,,,,,,,,,
,,,,,,,,,,,,,,,,,,
,,,,,,,,,,,,,,,,,,
,,,,,,,,,,,,,,,,,,
,,,,,,,,,,,,,,,,,,
,,,,,,,,,,,,,,,,,,
,,,,,,,,,,,,,,,,,,
,,,,,,,,,,,,,,,,,,
,,,,,,,,,,,,,,,,,,
,,,,,,,,,,,,,,,,,,
,,,,,,,,,,,,,,,,,,
,,,,,,,,,,,,,,,,,,
,,,,,,,,,,,,,,,,,,
,,,,,,,,,,,,,,,,,,
,,,,,,,,,,,,,,,,,,
,,,,,,,,,,,,,,,,,,
,,,,,,,,,,,,,,,,,,
,,,,,,,,,,,,,,,,,,
,,,,,,,,,,,,,,,,,,
,,,,,,,,,,,,,,,,,,
,,,,,,,,,,,,,,,,,,
,,,,,,,,,,,,,,,,,,
,,,,,,,,,,,,,,,,,,
,,,,,,,,,,,,,,,,,,
,,,,,,,,,,,,,,,,,,
,,,,,,,,,,,,,,,,,,
,,,,,,,,,,,,,,,,,,
,,,,,,,,,,,,,,,,,,
,,,,,,,,,,,,,,,,,,
,,,,,,,,,,,,,,,,,,
,,,,,,,,,,,,,,,,,,
,,,,,,,,,,,,,,,,,,
,,,,,,,,,,,,,,,,,,
,,,,,,,,,,,,,,,,,,
,,,,,,,,,,,,,,,,,,
,,,,,,,,,,,,,,,,,,
,,,,,,,,,,,,,,,,,,
,,,,,,,,,,,,,,,,,,
,,,,,,,,,,,,,,,,,,
,,,,,,,,,,,,,,,,,,
,,,,,,,,,,,,,,,,,,
,,,,,,,,,,,,,,,,,,
,,,,,,,,,,,,,,,,,,
,,,,,,,,,,,,,,,,,,
,,,,,,,,,,,,,,,,,,
,,,,,,,,,,,,,,,,,,
,,,,,,,,,,,,,,,,,,
,,,,,,,,,,,,,,,,,,
,,,,,,,,,,,,,,,,,,
,,,,,,,,,,,,,,,,,,
,,,,,,,,,,,,,,,,,,
,,,,,,,,,,,,,,,,,,
,,,,,,,,,,,,,,,,,,
,,,,,,,,,,,,,,,,,,
,,,,,,,,,,,,,,,,,,
,,,,,,,,,,,,,,,,,,
,,,,,,,,,,,,,,,,,,
,,,,,,,,,,,,,,,,,,
,,,,,,,,,,,,,,,,,,
,,,,,,,,,,,,,,,,,,
,,,,,,,,,,,,,,,,,,
,,,,,,,,,,,,,,,,,,
,,,,,,,,,,,,,,,,,,
,,,,,,,,,,,,,,,,,,
,,,,,,,,,,,,,,,,,,
,,,,,,,,,,,,,,,,,,
,,,,,,,,,,,,,,,,,,
,,,,,,,,,,,,,,,,,,
,,,,,,,,,,,,,,,,,,
,,,,,,,,,,,,,,,,,,
,,,,,,,,,,,,,,,,,,
,,,,,,,,,,,,,,,,,,
,,,,,,,,,,,,,,,,,,
,,,,,,,,,,,,,,,,,,
,,,,,,,,,,,,,,,,,,
,,,,,,,,,,,,,,,,,,
,,,,,,,,,,,,,,,,,,
,,,,,,,,,,,,,,,,,,
,,,,,,,,,,,,,,,,,,
,,,,,,,,,,,,,,,,,,
,,,,,,,,,,,,,,,,,,
,,,,,,,,,,,,,,,,,,
,,,,,,,,,,,,,,,,,,
,,,,,,,,,,,,,,,,,,
,,,,,,,,,,,,,,,,,,
,,,,,,,,,,,,,,,,,,
,,,,,,,,,,,,,,,,,,
,,,,,,,,,,,,,,,,,,
,,,,,,,,,,,,,,,,,,
,,,,,,,,,,,,,,,,,,
,,,,,,,,,,,,,,,,,,
,,,,,,,,,,,,,,,,,,
,,,,,,,,,,,,,,,,,,
,,,,,,,,,,,,,,,,,,
,,,,,,,,,,,,,,,,,,
,,,,,,,,,,,,,,,,,,
,,,,,,,,,,,,,,,,,,
,,,,,,,,,,,,,,,,,,
,,,,,,,,,,,,,,,,,,
,,,,,,,,,,,,,,,,,,
,,,,,,,,,,,,,,,,,,
,,,,,,,,,,,,,,,,,,
,,,,,,,,,,,,,,,,,,
,,,,,,,,,,,,,,,,,,
,,,,,,,,,,,,,,,,,,
,,,,,,,,,,,,,,,,,,
,,,,,,,,,,,,,,,,,,
,,,,,,,,,,,,,,,,,,
,,,,,,,,,,,,,,,,,,
,,,,,,,,,,,,,,,,,,
,,,,,,,,,,,,,,,,,,
,,,,,,,,,,,,,,,,,,
,,,,,,,,,,,,,,,,,,
,,,,,,,,,,,,,,,,,,
,,,,,,,,,,,,,,,,,,
,,,,,,,,,,,,,,,,,,
,,,,,,,,,,,,,,,,,,
,,,,,,,,,,,,,,,,,,
,,,,,,,,,,,,,,,,,,
,,,,,,,,,,,,,,,,,,
,,,,,,,,,,,,,,,,,,
,,,,,,,,,,,,,,,,,,
,,,,,,,,,,,,,,,,,,
,,,,,,,,,,,,,,,,,,
,,,,,,,,,,,,,,,,,,
,,,,,,,,,,,,,,,,,,
,,,,,,,,,,,,,,,,,,
,,,,,,,,,,,,,,,,,,
,,,,,,,,,,,,,,,,,,
,,,,,,,,,,,,,,,,,,
,,,,,,,,,,,,,,,,,,
,,,,,,,,,,,,,,,,,,
,,,,,,,,,,,,,,,,,,
,,,,,,,,,,,,,,,,,,
,,,,,,,,,,,,,,,,,,
,,,,,,,,,,,,,,,,,,
,,,,,,,,,,,,,,,,,,
,,,,,,,,,,,,,,,,,,
,,,,,,,,,,,,,,,,,,
,,,,,,,,,,,,,,,,,,
,,,,,,,,,,,,,,,,,,
,,,,,,,,,,,,,,,,,,
,,,,,,,,,,,,,,,,,,
,,,,,,,,,,,,,,,,,,
,,,,,,,,,,,,,,,,,,
,,,,,,,,,,,,,,,,,,
,,,,,,,,,,,,,,,,,,
,,,,,,,,,,,,,,,,,,
,,,,,,,,,,,,,,,,,,
,,,,,,,,,,,,,,,,,,
,,,,,,,,,,,,,,,,,,
,,,,,,,,,,,,,,,,,,
,,,,,,,,,,,,,,,,,,
,,,,,,,,,,,,,,,,,,
,,,,,,,,,,,,,,,,,,
,,,,,,,,,,,,,,,,,,
,,,,,,,,,,,,,,,,,,
,,,,,,,,,,,,,,,,,,
,,,,,,,,,,,,,,,,,,
,,,,,,,,,,,,,,,,,,
,,,,,,,,,,,,,,,,,,
,,,,,,,,,,,,,,,,,,
,,,,,,,,,,,,,,,,,,
,,,,,,,,,,,,,,,,,,
,,,,,,,,,,,,,,,,,,
,,,,,,,,,,,,,,,,,,
,,,,,,,,,,,,,,,,,,
,,,,,,,,,,,,,,,,,,
,,,,,,,,,,,,,,,,,,
,,,,,,,,,,,,,,,,,,
,,,,,,,,,,,,,,,,,,
,,,,,,,,,,,,,,,,,,
,,,,,,,,,,,,,,,,,,
,,,,,,,,,,,,,,,,,,
,,,,,,,,,,,,,,,,,,
,,,,,,,,,,,,,,,,,,
,,,,,,,,,,,,,,,,,,
,,,,,,,,,,,,,,,,,,
,,,,,,,,,,,,,,,,,,
,,,,,,,,,,,,,,,,,,
,,,,,,,,,,,,,,,,,,
,,,,,,,,,,,,,,,,,,
,,,,,,,,,,,,,,,,,,
,,,,,,,,,,,,,,,,,,
,,,,,,,,,,,,,,,,,,
,,,,,,,,,,,,,,,,,,
,,,,,,,,,,,,,,,,,,
,,,,,,,,,,,,,,,,,,
,,,,,,,,,,,,,,,,,,
,,,,,,,,,,,,,,,,,,
,,,,,,,,,,,,,,,,,,
,,,,,,,,,,,,,,,,,,
,,,,,,,,,,,,,,,,,,
,,,,,,,,,,,,,,,,,,
,,,,,,,,,,,,,,,,,,
,,,,,,,,,,,,,,,,,,
,,,,,,,,,,,,,,,,,,
,,,,,,,,,,,,,,,,,,
,,,,,,,,,,,,,,,,,,
,,,,,,,,,,,,,,,,,,
,,,,,,,,,,,,,,,,,,
,,,,,,,,,,,,,,,,,,
,,,,,,,,,,,,,,,,,,
,,,,,,,,,,,,,,,,,,
,,,,,,,,,,,,,,,,,,
,,,,,,,,,,,,,,,,,,
,,,,,,,,,,,,,,,,,,
,,,,,,,,,,,,,,,,,,
,,,,,,,,,,,,,,,,,,
,,,,,,,,,,,,,,,,,,
,,,,,,,,,,,,,,,,,,
,,,,,,,,,,,,,,,,,,
,,,,,,,,,,,,,,,,,,
,,,,,,,,,,,,,,,,,,
,,,,,,,,,,,,,,,,,,
,,,,,,,,,,,,,,,,,,
,,,,,,,,,,,,,,,,,,
,,,,,,,,,,,,,,,,,,
,,,,,,,,,,,,,,,,,,
,,,,,,,,,,,,,,,,,,
,,,,,,,,,,,,,,,,,,
,,,,,,,,,,,,,,,,,,
,,,,,,,,,,,,,,,,,,
,,,,,,,,,,,,,,,,,,
,,,,,,,,,,,,,,,,,,
,,,,,,,,,,,,,,,,,,
,,,,,,,,,,,,,,,,,,
,,,,,,,,,,,,,,,,,,
,,,,,,,,,,,,,,,,,,
,,,,,,,,,,,,,,,,,,
,,,,,,,,,,,,,,,,,,
,,,,,,,,,,,,,,,,,,
,,,,,,,,,,,,,,,,,,
,,,,,,,,,,,,,,,,,,
,,,,,,,,,,,,,,,,,,
,,,,,,,,,,,,,,,,,,
,,,,,,,,,,,,,,,,,,
,,,,,,,,,,,,,,,,,,
,,,,,,,,,,,,,,,,,,
,,,,,,,,,,,,,,,,,,
,,,,,,,,,,,,,,,,,,
,,,,,,,,,,,,,,,,,,
,,,,,,,,,,,,,,,,,,
,,,,,,,,,,,,,,,,,,
,,,,,,,,,,,,,,,,,,
,,,,,,,,,,,,,,,,,,
,,,,,,,,,,,,,,,,,,
,,,,,,,,,,,,,,,,,,
,,,,,,,,,,,,,,,,,,
,,,,,,,,,,,,,,,,,,
,,,,,,,,,,,,,,,,,,
,,,,,,,,,,,,,,,,,,
,,,,,,,,,,,,,,,,,,
,,,,,,,,,,,,,,,,,,
,,,,,,,,,,,,,,,,,,
,,,,,,,,,,,,,,,,,,
,,,,,,,,,,,,,,,,,,
,,,,,,,,,,,,,,,,,,
,,,,,,,,,,,,,,,,,,
,,,,,,,,,,,,,,,,,,
,,,,,,,,,,,,,,,,,,
,,,,,,,,,,,,,,,,,,
,,,,,,,,,,,,,,,,,,
,,,,,,,,,,,,,,,,,,
,,,,,,,,,,,,,,,,,,
,,,,,,,,,,,,,,,,,,
,,,,,,,,,,,,,,,,,,
,,,,,,,,,,,,,,,,,,
,,,,,,,,,,,,,,,,,,
,,,,,,,,,,,,,,,,,,
,,,,,,,,,,,,,,,,,,
,,,,,,,,,,,,,,,,,,
,,,,,,,,,,,,,,,,,,
,,,,,,,,,,,,,,,,,,
,,,,,,,,,,,,,,,,,,
,,,,,,,,,,,,,,,,,,
,,,,,,,,,,,,,,,,,,
,,,,,,,,,,,,,,,,,,
,,,,,,,,,,,,,,,,,,
,,,,,,,,,,,,,,,,,,
,,,,,,,,,,,,,,,,,,
,,,,,,,,,,,,,,,,,,
,,,,,,,,,,,,,,,,,,
,,,,,,,,,,,,,,,,,,
,,,,,,,,,,,,,,,,,,
,,,,,,,,,,,,,,,,,,
,,,,,,,,,,,,,,,,,,
,,,,,,,,,,,,,,,,,,
,,,,,,,,,,,,,,,,,,
,,,,,,,,,,,,,,,,,,
,,,,,,,,,,,,,,,,,,
,,,,,,,,,,,,,,,,,,
,,,,,,,,,,,,,,,,,,
,,,,,,,,,,,,,,,,,,
,,,,,,,,,,,,,,,,,,
,,,,,,,,,,,,,,,,,,
,,,,,,,,,,,,,,,,,,
,,,,,,,,,,,,,,,,,,
,,,,,,,,,,,,,,,,,,
,,,,,,,,,,,,,,,,,,
,,,,,,,,,,,,,,,,,,
,,,,,,,,,,,,,,,,,,
,,,,,,,,,,,,,,,,,,
,,,,,,,,,,,,,,,,,,
,,,,,,,,,,,,,,,,,,
,,,,,,,,,,,,,,,,,,
,,,,,,,,,,,,,,,,,,
,,,,,,,,,,,,,,,,,,
,,,,,,,,,,,,,,,,,,
,,,,,,,,,,,,,,,,,,
,,,,,,,,,,,,,,,,,,
,,,,,,,,,,,,,,,,,,
,,,,,,,,,,,,,,,,,,
,,,,,,,,,,,,,,,,,,
,,,,,,,,,,,,,,,,,,
,,,,,,,,,,,,,,,,,,
,,,,,,,,,,,,,,,,,,
,,,,,,,,,,,,,,,,,,
,,,,,,,,,,,,,,,,,,
,,,,,,,,,,,,,,,,,,
,,,,,,,,,,,,,,,,,,
,,,,,,,,,,,,,,,,,,
,,,,,,,,,,,,,,,,,,
,,,,,,,,,,,,,,,,,,
,,,,,,,,,,,,,,,,,,
,,,,,,,,,,,,,,,,,,
,,,,,,,,,,,,,,,,,,
,,,,,,,,,,,,,,,,,,
,,,,,,,,,,,,,,,,,,
,,,,,,,,,,,,,,,,,,
,,,,,,,,,,,,,,,,,,
,,,,,,,,,,,,,,,,,,
,,,,,,,,,,,,,,,,,,
,,,,,,,,,,,,,,,,,,
,,,,,,,,,,,,,,,,,,
,,,,,,,,,,,,,,,,,,
,,,,,,,,,,,,,,,,,,
,,,,,,,,,,,,,,,,,,
,,,,,,,,,,,,,,,,,,
,,,,,,,,,,,,,,,,,,
,,,,,,,,,,,,,,,,,,
,,,,,,,,,,,,,,,,,,
,,,,,,,,,,,,,,,,,,
,,,,,,,,,,,,,,,,,,
,,,,,,,,,,,,,,,,,,
,,,,,,,,,,,,,,,,,,
,,,,,,,,,,,,,,,,,,
,,,,,,,,,,,,,,,,,,
,,,,,,,,,,,,,,,,,,
,,,,,,,,,,,,,,,,,,
,,,,,,,,,,,,,,,,,,
,,,,,,,,,,,,,,,,,,
,,,,,,,,,,,,,,,,,,
,,,,,,,,,,,,,,,,,,
,,,,,,,,,,,,,,,,,,
,,,,,,,,,,,,,,,,,,
,,,,,,,,,,,,,,,,,,
,,,,,,,,,,,,,,,,,,
,,,,,,,,,,,,,,,,,,
,,,,,,,,,,,,,,,,,,
,,,,,,,,,,,,,,,,,,
,,,,,,,,,,,,,,,,,,
,,,,,,,,,,,,,,,,,,
,,,,,,,,,,,,,,,,,,
,,,,,,,,,,,,,,,,,,
,,,,,,,,,,,,,,,,,,
,,,,,,,,,,,,,,,,,,
,,,,,,,,,,,,,,,,,,
,,,,,,,,,,,,,,,,,,
,,,,,,,,,,,,,,,,,,
,,,,,,,,,,,,,,,,,,
,,,,,,,,,,,,,,,,,,
,,,,,,,,,,,,,,,,,,
,,,,,,,,,,,,,,,,,,
,,,,,,,,,,,,,,,,,,
,,,,,,,,,,,,,,,,,,
,,,,,,,,,,,,,,,,,,
,,,,,,,,,,,,,,,,,,
,,,,,,,,,,,,,,,,,,
,,,,,,,,,,,,,,,,,,
,,,,,,,,,,,,,,,,,,
,,,,,,,,,,,,,,,,,,
,,,,,,,,,,,,,,,,,,
,,,,,,,,,,,,,,,,,,
,,,,,,,,,,,,,,,,,,
,,,,,,,,,,,,,,,,,,
,,,,,,,,,,,,,,,,,,
,,,,,,,,,,,,,,,,,,
,,,,,,,,,,,,,,,,,,
,,,,,,,,,,,,,,,,,,
,,,,,,,,,,,,,,,,,,
,,,,,,,,,,,,,,,,,,
,,,,,,,,,,,,,,,,,,
,,,,,,,,,,,,,,,,,,
,,,,,,,,,,,,,,,,,,
,,,,,,,,,,,,,,,,,,
,,,,,,,,,,,,,,,,,,
,,,,,,,,,,,,,,,,,,
,,,,,,,,,,,,,,,,,,
,,,,,,,,,,,,,,,,,,
,,,,,,,,,,,,,,,,,,
,,,,,,,,,,,,,,,,,,
,,,,,,,,,,,,,,,,,,
,,,,,,,,,,,,,,,,,,
,,,,,,,,,,,,,,,,,,
,,,,,,,,,,,,,,,,,,
,,,,,,,,,,,,,,,,,,
,,,,,,,,,,,,,,,,,,
,,,,,,,,,,,,,,,,,,
,,,,,,,,,,,,,,,,,,
,,,,,,,,,,,,,,,,,,
,,,,,,,,,,,,,,,,,,
,,,,,,,,,,,,,,,,,,
,,,,,,,,,,,,,,,,,,
,,,,,,,,,,,,,,,,,,
,,,,,,,,,,,,,,,,,,
,,,,,,,,,,,,,,,,,,
,,,,,,,,,,,,,,,,,,
,,,,,,,,,,,,,,,,,,
,,,,,,,,,,,,,,,,,,
,,,,,,,,,,,,,,,,,,
,,,,,,,,,,,,,,,,,,
,,,,,,,,,,,,,,,,,,
,,,,,,,,,,,,,,,,,,
,,,,,,,,,,,,,,,,,,
,,,,,,,,,,,,,,,,,,
,,,,,,,,,,,,,,,,,,
,,,,,,,,,,,,,,,,,,
,,,,,,,,,,,,,,,,,,
,,,,,,,,,,,,,,,,,,
,,,,,,,,,,,,,,,,,,
,,,,,,,,,,,,,,,,,,
,,,,,,,,,,,,,,,,,,
,,,,,,,,,,,,,,,,,,
,,,,,,,,,,,,,,,,,,
,,,,,,,,,,,,,,,,,,
,,,,,,,,,,,,,,,,,,
,,,,,,,,,,,,,,,,,,
,,,,,,,,,,,,,,,,,,
,,,,,,,,,,,,,,,,,,
,,,,,,,,,,,,,,,,,,
,,,,,,,,,,,,,,,,,,
,,,,,,,,,,,,,,,,,,
,,,,,,,,,,,,,,,,,,
,,,,,,,,,,,,,,,,,,
,,,,,,,,,,,,,,,,,,
,,,,,,,,,,,,,,,,,,
,,,,,,,,,,,,,,,,,,
,,,,,,,,,,,,,,,,,,
,,,,,,,,,,,,,,,,,,
,,,,,,,,,,,,,,,,,,
,,,,,,,,,,,,,,,,,,
,,,,,,,,,,,,,,,,,,
,,,,,,,,,,,,,,,,,,
,,,,,,,,,,,,,,,,,,
,,,,,,,,,,,,,,,,,,
,,,,,,,,,,,,,,,,,,
,,,,,,,,,,,,,,,,,,
,,,,,,,,,,,,,,,,,,
,,,,,,,,,,,,,,,,,,
,,,,,,,,,,,,,,,,,,
,,,,,,,,,,,,,,,,,,
,,,,,,,,,,,,,,,,,,
,,,,,,,,,,,,,,,,,,
,,,,,,,,,,,,,,,,,,
,,,,,,,,,,,,,,,,,,
,,,,,,,,,,,,,,,,,,
,,,,,,,,,,,,,,,,,,
,,,,,,,,,,,,,,,,,,
,,,,,,,,,,,,,,,,,,
,,,,,,,,,,,,,,,,,,
,,,,,,,,,,,,,,,,,,
,,,,,,,,,,,,,,,,,,
,,,,,,,,,,,,,,,,,,
,,,,,,,,,,,,,,,,,,
,,,,,,,,,,,,,,,,,,
,,,,,,,,,,,,,,,,,,
,,,,,,,,,,,,,,,,,,
,,,,,,,,,,,,,,,,,,
,,,,,,,,,,,,,,,,,,
,,,,,,,,,,,,,,,,,,
,,,,,,,,,,,,,,,,,,
,,,,,,,,,,,,,,,,,,
,,,,,,,,,,,,,,,,,,
,,,,,,,,,,,,,,,,,,
,,,,,,,,,,,,,,,,,,
,,,,,,,,,,,,,,,,,,
,,,,,,,,,,,,,,,,,,
,,,,,,,,,,,,,,,,,,
,,,,,,,,,,,,,,,,,,
,,,,,,,,,,,,,,,,,,
,,,,,,,,,,,,,,,,,,
,,,,,,,,,,,,,,,,,,
,,,,,,,,,,,,,,,,,,
,,,,,,,,,,,,,,,,,,
,,,,,,,,,,,,,,,,,,
,,,,,,,,,,,,,,,,,,
,,,,,,,,,,,,,,,,,,
,,,,,,,,,,,,,,,,,,
,,,,,,,,,,,,,,,,,,
,,,,,,,,,,,,,,,,,,
,,,,,,,,,,,,,,,,,,
,,,,,,,,,,,,,,,,,,
,,,,,,,,,,,,,,,,,,
,,,,,,,,,,,,,,,,,,
,,,,,,,,,,,,,,,,,,
,,,,,,,,,,,,,,,,,,
,,,,,,,,,,,,,,,,,,
,,,,,,,,,,,,,,,,,,
,,,,,,,,,,,,,,,,,,
,,,,,,,,,,,,,,,,,,
,,,,,,,,,,,,,,,,,,
,,,,,,,,,,,,,,,,,,
,,,,,,,,,,,,,,,,,,
,,,,,,,,,,,,,,,,,,
,,,,,,,,,,,,,,,,,,
,,,,,,,,,,,,,,,,,,
,,,,,,,,,,,,,,,,,,
,,,,,,,,,,,,,,,,,,
,,,,,,,,,,,,,,,,,,
,,,,,,,,,,,,,,,,,,
,,,,,,,,,,,,,,,,,,
,,,,,,,,,,,,,,,,,,
,,,,,,,,,,,,,,,,,,
,,,,,,,,,,,,,,,,,,
,,,,,,,,,,,,,,,,,,
,,,,,,,,,,,,,,,,,,
,,,,,,,,,,,,,,,,,,
,,,,,,,,,,,,,,,,,,
,,,,,,,,,,,,,,,,,,
,,,,,,,,,,,,,,,,,,
,,,,,,,,,,,,,,,,,,
,,,,,,,,,,,,,,,,,,
,,,,,,,,,,,,,,,,,,
,,,,,,,,,,,,,,,,,,
